id;nombre;apellido;email;telefono
1;cross but astride;regal;Kody57@hotmail.com;wetly gah wheel
2;arrange ha;hmph voluminous whose;Guiseppe.Sawayn-Volkman@yahoo.com;once oh
3;until;valentine encode likewise;Devon89@hotmail.com;huzzah
4;hm as an;brr;Clara.Shields25@hotmail.com;stunt
5;the;nearly whether;Brooke.Fay17@hotmail.com;midst headline ugh
6;left sanity partridge;needily rewrite phooey;Dannie_Schneider@hotmail.com;transplant suspiciously
7;yahoo;partial ick unethically;Vincenza.Johnson@yahoo.com;degenerate
8;crooked whoa times;roger clinking;Delia_Koch@hotmail.com;blissfully waltz
9;likely;fall stealthily;Gail_Denesik30@yahoo.com;cultivated
10;atrium dead passport;considering;Rossie53@gmail.com;whoa or vivaciously
